Id,FirstName,LastName,Salary
1,Knox,Thurbon,146280.67
2,Nick,Peedell,80745.14
3,Maurene,Antoniottii,71430.15
4,Garret,Forty,115804.71
5,Ag,Lethley,52024.06
6,Minerva,Baldelli,55315.81
7,Jacinta,Wollrauch,140144.79
8,Gris,Klosa,112913.13
9,Francoise,Aingel,77747.76
10,Georgie,Vaud,79285.35
11,Sasha,Langfitt,135965.70
12,Winnifred,Ratray,60775.52
13,Lothario,Benardeau,55933.50
14,Tyrus,Greedyer,40326.36
15,Regen,Mellhuish,117098.53
16,Humfrid,Parkins,50244.01
17,Kevyn,Salle,82532.11
18,Donnie,Jewster,88097.48
19,Jamal,Kirwin,147833.37
20,Madlin,Downing,117233.47
21,Audry,Secker,145033.45
22,Ginger,Redferne,91580.34
23,Judy,Durden,96353.62
24,Jackson,Rickerd,71000.56
25,Aubrey,Routham,119391.31
26,Melicent,Collar,78521.53
27,Meredithe,Jervis,100812.07
28,Hugh,Meffin,85941.21
29,Richy,Niaves,69355.77
30,Mehetabel,Pillans,149078.62
31,Fay,Grog,48263.13
32,Margarethe,Bruin,132934.03
33,Wang,Anfossi,47543.62
34,Tobe,Bowdery,125079.42
35,Annaliese,Skermer,107491.62
36,Kaja,Floweth,45751.11
37,Sybila,Degnen,107399.29
38,Marin,Screaton,141286.65
39,Sollie,Frankham,141082.65
40,Silvano,Ferneyhough,126169.35
41,Kenton,Fawdry,89569.61
42,Bendick,Sutherns,136316.70
43,Stephine,Farrall,148904.38
44,Ashleigh,Holbarrow,116266.97
45,Kylynn,Boycott,124372.68
46,Clair,Avison,38150.54
47,Adamo,Lehrian,84112.61
48,Calli,Othen,146863.70
49,Cornie,Palombi,134559.92
50,Tamar,Thorndale,57502.00
51,Illa,Limer,124470.00
52,Elsi,Chicken,35961.41
53,Taber,Aberdeen,47222.34
54,Zorah,Naseby,135020.52
55,Garret,Bente,116598.62
56,Dianna,Poor,99085.83
57,Maye,Lovewell,147618.01
58,Heather,Rembrandt,130569.72
59,Eddy,Beardsley,47190.27
60,Stephanus,Kroin,87060.86
61,Laurianne,Landers,118099.94
62,Andriana,Pender,41125.26
63,Conway,Dellenbach,45167.66
64,Basil,Myring,129432.87
65,Janice,Connah,60501.99
66,Crystie,Pleven,52579.26
67,Vivia,Caff,87790.88
68,Pippy,Payton,67755.72
69,Almeta,Fosdick,113521.56
70,Marjorie,Di Ruggero,95561.39
71,Maye,Wildey,102948.51
72,Coralie,Leake,82095.66
73,Cheslie,Spencelayh,105765.63
74,Etheline,Simister,80026.66
75,Lise,Iredell,108280.86
76,Theobald,Sallows,112632.04
77,Gretel,Murie,145927.91
78,Delaney,Lambshine,75904.10
79,Irma,Gorring,85559.85
80,Janessa,Picford,98954.20
81,Armand,Smaleman,76000.77
82,Annabal,Laugier,59784.90
83,Shari,McGurk,78406.03
84,Shea,Blodg,35667.71
85,Alexei,Quick,65297.49
86,Tabb,Jouning,139053.27
87,Wilona,Alekseev,133961.09
88,Aggi,Leddy,125491.09
89,Orran,Spon,60027.97
90,Antonino,Witling,140842.93
91,Akim,Bayley,123542.12
92,Arney,Peile,106589.77
93,Jocelyne,Hamberston,98760.22
94,Claiborne,Swait,148678.24
95,Giff,Greiswood,116421.40
96,Vida,Kastel,87532.04
97,Janek,Cromly,40855.69
98,Stirling,Gatrill,39160.18
99,Britney,Kruschev,115524.00
100,Glenine,Brauninger,67419.90
